{
    "App": {
        "Name": "api.hms.com",
        "Version": "1.0.0"
    },
    "Jwt": {
        "secret": "T=_afU=bJq[p%Z6S",
        "audience": "users.api.hms.local",
        "issuer": "api.hms.local",
        "jwtid": "jwt.api.hms.local",
        "subject": "hms.local"
    },
    "Server": {
        "Port": 1337,
        "Name": "api.hms.local",
        "DefaultVersion": "1.0.0",
        "Acceptable": [ "application/json" ],
        "ThrottleRate": 50,
        "ThrottleBurst": 100
    },
    "DB": {
        "name": "hms",
        "username": "root",
        "password": "your_password_here",
        "config": {
            "host": "localhost",
            "port": 3306,
            "dialect": "mysql",
            "logging": false,
            "pool": {
                "max": 10,
                "min": 0,
                "idle": 10000
            },
            "define": {
                "timestamps": false
            }
        }
    },
    "Logging": {
        "Name": "hms-log",
        "Dir": "./logs/"
    },
    "Key": {
        "Path": "/home/public/hms/server/server.key"
    }
}
